{"initial_reset_timestamp": 1541528346.4357023, "timestamps": [1541528348.1748912, 1541528349.724692, 1541528351.409281, 1541528352.8781598, 1541528354.3108454], "episode_lengths": [28, 22, 24, 19, 20], "episode_rewards": [34.656225153277866, 24.92756844715589, 30.426730453013928, 23.607601600005893, 24.110331903407662], "episode_types": ["t", "t", "t", "t", "t", "t"]}